{
    "cam0": [
        [
            0.0064545060481992975,
            1.2747649445193603,
            -73.39741552709826
        ],
        [
            -1.2648979966801082,
            -0.009830813445700571,
            644.3737750496887
        ],
        [
            2.6498802300450406e-05,
            -6.650472524120372e-05,
            1.0
        ]
    ],
    "cam1": [
        [
            -1.2709440852047067,
            0.022811816913930676,
            645.7015130727574
        ],
        [
            0.006725054031837833,
            -1.3147480632243271,
            578.9632641279486
        ],
        [
            5.294984417336702e-05,
            -2.9096832560648295e-05,
            1.0
        ]
    ],
    "cam2": [
        [
            -0.013880375396589668,
            -1.2978150995811533,
            531.5628561878058
        ],
        [
            1.2641582301093814,
            -0.02310471961035413,
            -177.66869245516392
        ],
        [
            -2.13786142674877e-05,
            -0.00010659695414275135,
            1.0
        ]
    ],
    "cam3": [
        [
            1.3187062915978038,
            -0.0034521107109890844,
            -247.81321949905745
        ],
        [
            -0.003136414261049669,
            1.2482928758977736,
            -36.859140395855874
        ],
        [
            9.298666310561245e-05,
            -0.00015506066740190205,
            1.0
        ]
    ]
}